,0,1,2,3,4,5,6
0,5054941,175715,497455,1,2017-05-19 01:00:02,wx4ffx3,wx4ffq6
1,4569726,674016,458293,1,2017-05-19 01:00:12,wx4fdnq,wx4f9yx
2,1380843,459727,161640,2,2017-05-19 01:00:12,wx4e59z,wx4eh0b
3,695384,287016,93148,1,2017-05-19 01:00:22,wx4epp9,wx4enyx
4,4582999,467347,459297,1,2017-05-19 01:00:28,wx4f3q4,wx4f3jy
5,1179693,162001,143220,2,2017-05-19 01:00:25,wx4fdnp,wx4fdmk
6,2838931,973670,298876,2,2017-05-19 01:00:35,wx4f90w,wx4f90s
7,3763787,455912,386459,1,2017-05-19 01:00:35,wx4fszv,wx4ftpn
8,428859,625633,59002,1,2017-05-19 01:00:40,wx4fszv,wx4ftpn
9,63284,533862,10341,1,2017-05-19 01:00:42,wx4ex3k,wx4ex8j
10,469884,625998,63976,1,2017-05-19 01:01:01,wx4fbwq,wx4fbwe
11,4806521,81555,478019,1,2017-05-19 01:00:59,wx4g90w,wx4g90g
12,1616892,388930,184140,2,2017-05-19 01:01:05,wx4g8fz,wx4g94k
13,1517642,6917,174703,2,2017-05-19 01:01:10,wx4dw6z,wx4dw6u
14,242384,576964,34955,1,2017-05-19 01:01:16,wx4g20k,wx4epzr
15,1287807,596061,153090,2,2017-05-19 01:01:21,wx4g53k,wx4g51y
16,3712474,402345,381584,1,2017-05-19 01:01:27,wx4fs35,wx4fkxf
17,4049381,749983,414140,1,2017-05-19 01:01:28,wx4dvxt,wx4dvyd
18,24276,1002486,3937,1,2017-05-19 01:01:29,wx4fste,wx4fu90
19,1930163,1037497,214007,2,2017-05-19 01:01:37,wx4fc45,wx4g0fx
20,2100810,948381,229990,2,2017-05-19 01:01:37,wx4f9eg,wx4f9eb
21,41966,679845,6820,1,2017-05-19 01:01:37,wx4dx3e,wx4dx1x
22,25135,386081,4065,1,2017-05-19 01:01:57,wx4dtx6,wx4dtxb
23,1634874,1061450,185858,2,2017-05-19 01:02:10,wx4dy2p,wx4dy3n
24,1537786,792185,176600,2,2017-05-19 01:02:17,wx4g0ve,wx4g2f1
25,4135624,99659,422179,1,2017-05-19 01:02:27,wx4g3cb,wx4g396
26,3617930,258784,372528,1,2017-05-19 01:02:20,wx4dpk6,wx4dpkh
27,1578554,418027,180446,2,2017-05-19 01:02:22,wx4eh1d,wx4eh0m
28,3293651,972308,341538,1,2017-05-19 01:02:27,wx4fc1p,wx4fc4n
29,2463828,211570,264265,2,2017-05-19 01:02:27,wx4gh4p,wx4gh34
30,4936754,789025,488128,1,2017-05-19 01:02:31,wx4fbbe,wx4fbc8
31,3632437,108446,373938,1,2017-05-19 01:02:45,wx4g3cb,wx4g396
32,3975132,822933,406792,1,2017-05-19 01:03:07,wx4gjct,wx4gjbc
33,308815,703670,42963,1,2017-05-19 01:03:13,wx4g47x,wx4g46x
34,1700031,361721,192162,2,2017-05-19 01:03:15,wx4dw9t,wx4dw8t
35,2606312,699786,277553,2,2017-05-19 01:03:19,wx4dvr4,wx4dynb
36,4146610,69616,423062,1,2017-05-19 01:03:19,wx4dyz4,wx4dzne
37,2327062,398114,251439,2,2017-05-19 01:03:26,wx4eqxt,wx4ew84
38,868488,710576,114106,1,2017-05-19 01:03:50,wx4drzy,wx4dryz
39,1685375,67847,190738,2,2017-05-19 01:04:20,wx4enp2,wx4embn
40,1314363,369811,155538,2,2017-05-19 01:04:28,wx4f9ws,wx4f9vc
41,3643160,88028,374975,1,2017-05-19 01:04:30,wx4ezxe,wx4ezz5
42,1003428,915131,126928,2,2017-05-19 01:04:30,wx4dxys,wx4f8jd
43,2847287,204573,299615,2,2017-05-19 01:04:50,wx4dv34,wx4dtrc
44,3678911,773035,378415,1,2017-05-19 01:04:49,wx4g6g2,wx4g718
45,3642180,155126,374874,1,2017-05-19 01:04:50,wx4g466,wx4g44z
46,2218559,323665,241211,2,2017-05-19 01:04:55,wx4drw6,wx4drrw
47,4697554,687026,468673,1,2017-05-19 01:04:56,wx4dzby,wx4dzbq
48,1322640,161178,156288,2,2017-05-19 01:04:58,wx4f3zz,wx4f6p2
49,593235,46926,80351,1,2017-05-19 01:05:13,wx4dzwy,wx4dzyw
50,3115328,176101,324600,1,2017-05-19 01:05:12,wx4g90u,wx4g3xc
51,206141,608773,29680,1,2017-05-19 01:05:27,wx4g94b,wx4g8fk
52,2238888,12381,243150,2,2017-05-19 01:05:42,wx4umb9,wx4umb8
53,4036457,641883,412938,1,2017-05-19 01:05:32,wx4g503,wx4fgp6
54,4063085,912936,415504,1,2017-05-19 01:05:37,wx49yn7,wx49yjx
55,3422604,529297,353704,1,2017-05-19 01:05:36,wx4gd1p,wx4gd80
56,1278919,47772,152286,2,2017-05-19 01:05:38,wx4gch5,wx4gbzv
57,1622066,876235,184657,2,2017-05-19 01:05:43,wx4dy8j,wx4dy8g
58,4900915,379716,485386,1,2017-05-19 01:05:53,wx4g1jk,wx4g0vw
59,1547997,6917,177554,2,2017-05-19 01:05:52,wx4dw6u,wx4dw6f
60,2243226,96257,243543,2,2017-05-19 01:05:56,wx4gj6y,wx4gj6n
61,2137555,942426,233453,2,2017-05-19 01:06:04,wx54b4p,wx54b3m
62,2189747,1029461,238467,2,2017-05-19 01:06:20,wx4en3u,wx4en3m
63,78874,42860,12523,1,2017-05-19 01:06:21,wx4fepu,wx4fg07
64,263383,330428,37360,1,2017-05-19 01:06:27,wx4fh8d,wx4fh3n
65,3740481,767925,384203,1,2017-05-19 01:06:34,wx4fh8d,wx4fh3n
66,3219656,553362,334523,1,2017-05-19 01:06:59,wx4g1v3,wx4g1tj
67,4873342,483550,483136,1,2017-05-19 01:07:03,wx4dq4j,wx4dmfn
68,1197630,296960,144868,2,2017-05-19 01:07:06,wx4g4bv,wx4g58k
69,4983863,838751,491689,1,2017-05-19 01:07:12,wx4f8hx,wx4f8hq
70,4112263,693090,420099,1,2017-05-19 01:07:11,wx4dz65,wx4dz3q
71,979576,720154,124664,2,2017-05-19 01:07:15,wx4g1gs,wx4g1eq
72,4918585,731099,486749,1,2017-05-19 01:07:18,wx4g75d,wx4g74v
73,1636361,745929,185999,2,2017-05-19 01:07:24,wx4f9yz,wx4f9y5
74,3080570,74299,321214,1,2017-05-19 01:07:24,wx4fh1u,wx4fh25
75,3522628,476247,363332,1,2017-05-19 01:07:26,wx4f9wu,wx4f9rp
76,2274481,57568,246477,2,2017-05-19 01:07:31,wx4fbp9,wx4epfe
77,1433835,523142,166757,2,2017-05-19 01:07:45,wx4fb8d,wx4fb92
78,1119384,920257,137675,2,2017-05-19 01:07:58,wx4dwed,wx4dwe2
79,3595339,890586,370311,1,2017-05-19 01:08:06,wx4gpd5,wx4gp7q
80,4357514,308235,441582,1,2017-05-19 01:08:26,wx4fhzt,wx4fhy6
81,2354287,175715,254030,2,2017-05-19 01:08:31,wx4ffx3,wx4ffx0
82,2252401,350460,244395,2,2017-05-19 01:08:50,wx4fhn6,wx4f7b5
83,4966007,680791,490358,1,2017-05-19 01:08:44,wx4fc89,wx4fc25
84,1582943,883280,180874,2,2017-05-19 01:08:47,wx4epwd,wx4epwp
85,530820,550412,72042,1,2017-05-19 01:08:59,wx4g5kf,wx4g5m8
86,1357609,49499,159518,2,2017-05-19 01:09:02,wx4ff5b,wx4fcyu
87,1547998,6917,177554,2,2017-05-19 01:09:03,wx4dw6f,wx4dw5w
88,3067031,196088,319941,1,2017-05-19 01:09:07,wx4etyz,wx4etvq
89,1080226,57568,134082,2,2017-05-19 01:09:10,wx4fbp8,wx4fcqc
90,309394,816268,43029,1,2017-05-19 01:09:18,wx4ersk,wx4erec
91,2141602,584164,233837,2,2017-05-19 01:09:21,wx4f8uv,wx4f8vu
92,1014205,365179,127943,2,2017-05-19 01:09:21,wx4f1u6,wx4f1gc
93,2134995,50645,233197,2,2017-05-19 01:09:33,wx4snj5,wx4snjb
94,1212482,708565,146241,2,2017-05-19 01:09:36,wx4ffqe,wx4ffnx
95,2922326,465779,306486,1,2017-05-19 01:09:43,wx4g3h6,wx4g3sh
96,1370936,400454,160704,2,2017-05-19 01:09:46,wx4f2yk,wx4f2y7
97,371419,666748,51468,1,2017-05-19 01:09:56,wx4g9xs,wx4g9we
98,503716,654980,68592,1,2017-05-19 01:09:57,wx4g787,wx4g5qu
99,1017120,612104,128229,2,2017-05-19 01:09:58,wx4g229,wx4g2bj
100,1602066,499954,182685,2,2017-05-19 01:10:01,wx4e5b8,wx4e5b1
101,2932075,775428,307386,1,2017-05-19 01:10:05,wx4fbsg,wx4fbse
102,144836,16573,19523,1,2017-05-19 01:10:10,wx4ffgx,wx4ffgw
103,1675029,543546,189731,2,2017-05-19 01:10:14,wx4f9jh,wx4f9jc
104,2683167,637653,284636,2,2017-05-19 01:10:37,wx4f8wt,wx4f8ty
105,788098,418027,104201,1,2017-05-19 01:10:41,wx4eh0m,wx4dupt
106,4480045,1031968,451139,1,2017-05-19 01:10:42,wx4eycz,wx4eyg6
107,1251796,75920,149840,2,2017-05-19 01:11:03,wx4dyw7,wx4en3p
108,1413127,106351,164754,2,2017-05-19 01:11:07,wx4g3pe,wx4g3p1
109,1769714,908167,198821,2,2017-05-19 01:11:11,wx4g0w1,wx4g0vn
110,2204519,544370,239882,2,2017-05-19 01:11:14,wx4f8zf,wx4f9n1
111,3505813,142508,361707,1,2017-05-19 01:11:12,wx4eywe,wx4eywr
112,4529662,898236,455222,1,2017-05-19 01:11:39,wx4ejef,wx4ejs2
113,335676,346620,46590,1,2017-05-19 01:11:44,wx4gehf,wx4gehc
114,1001217,713931,126721,2,2017-05-19 01:11:46,wx4g580,wx4fgyy
115,5157691,212188,508271,1,2017-05-19 01:12:14,wx4ex2k,wx4ex23
116,1065420,445564,132755,2,2017-05-19 01:12:05,wx4g2jy,wx4g2hq
117,1068463,466599,133025,2,2017-05-19 01:12:05,wx4dwyn,wx4dwy4
118,2019804,3246,222378,2,2017-05-19 01:12:10,wx4f9g1,wx4f9fq
119,2215731,709190,240957,2,2017-05-19 01:12:18,wx4fsss,wx4fthj
120,4651135,309590,464844,1,2017-05-19 01:12:22,wx4dz73,wx4fb3v
121,3039963,448075,317575,1,2017-05-19 01:12:57,wx4g4s4,wx4g4es
122,4908537,128730,485982,1,2017-05-19 01:12:35,wx4g85h,wx4exut
123,311008,410570,43205,1,2017-05-19 01:12:39,wx4f8zg,wx4f9n1
124,2932076,775428,307386,1,2017-05-19 01:12:38,wx4fbse,wx4fbkn
125,11388,469724,1824,1,2017-05-19 01:12:41,wx4dx3x,wx4dx3n
126,3940813,296154,403584,1,2017-05-19 01:12:54,wx4g1pp,wx4g1nr
127,955100,288535,122392,2,2017-05-19 01:12:49,wx4f9x5,wx4f9x3
128,489946,523743,66688,1,2017-05-19 01:13:01,wx4fpq4,wx4fpm3
129,2450,270412,383,1,2017-05-19 01:12:59,wx4dzqj,wx4dzqh
130,4551858,134712,456974,1,2017-05-19 01:12:58,wx4g0ck,wx4g0c1
131,3014688,348405,315341,1,2017-05-19 01:13:07,wx4ghqe,wx4ghmd
132,2011154,165866,221577,2,2017-05-19 01:13:45,wx4g9xt,wx4g9xs
133,4224250,680543,429882,1,2017-05-19 01:13:09,wx4epye,wx4epyp
134,430188,427282,59158,1,2017-05-19 01:13:13,wx4fg54,wx4ffgq
135,446834,808386,61043,1,2017-05-19 01:13:32,wx4f8zg,wx4f9n1
136,1324095,60012,156417,2,2017-05-19 01:13:40,wx4g494,wx4g43n
137,2399972,835423,258329,2,2017-05-19 01:13:34,wx4fy4e,wx4fvfz
138,2116440,349751,231450,2,2017-05-19 01:13:47,wx4fyqj,wx4fyv7
139,3449771,952211,356240,1,2017-05-19 01:13:51,wx4fh31,wx4fh8y
140,1106174,380719,136454,2,2017-05-19 01:13:58,wx4enw8,wx4enrk
141,5019060,349189,494243,1,2017-05-19 01:13:58,wx4e54s,wx4e54q
142,2048727,312383,225064,2,2017-05-19 01:13:56,wx4dx2h,wx4dx3e
143,2840841,1020964,299036,2,2017-05-19 01:13:57,wx4dx2h,wx4dx3e
144,2688535,647925,285123,2,2017-05-19 01:14:09,wx4fb8d,wx4fb2q
145,1271524,787364,151630,2,2017-05-19 01:14:13,wx4d9vh,wx4d9u9
146,2512747,915531,268765,2,2017-05-19 01:14:21,wx4fg7t,wx4fg7u
147,1851157,666357,206605,2,2017-05-19 01:14:25,wx4f941,wx4f8fx
148,1931450,1011638,214127,2,2017-05-19 01:14:25,wx4eq9j,wx4eqe6
149,78875,42860,12523,1,2017-05-19 01:14:32,wx4fg0e,wx4fepe
150,1117694,115099,137531,2,2017-05-19 01:14:47,wx4g1jk,wx4g1n1
151,4740584,975152,472266,1,2017-05-19 01:14:47,wx4e5yw,wx4e5ym
152,1119385,920257,137675,2,2017-05-19 01:14:53,wx4dwe6,wx4dwe3
153,1407658,586697,164221,2,2017-05-19 01:15:00,wx4drt8,wx4drkz
154,488549,12381,66493,1,2017-05-19 01:15:08,wx4um8x,wx4umds
155,3954035,933342,404732,1,2017-05-19 01:15:13,wx4ffgv,wx4ffg8
156,3835992,836485,393532,1,2017-05-19 01:15:19,wx4gutv,wx4guwk
157,1039617,503161,130344,2,2017-05-19 01:15:26,wx4dwe6,wx4dwe8
158,2513593,791992,268843,2,2017-05-19 01:15:29,wx4f9q3,wx4f9pu
159,1768361,1027705,198690,2,2017-05-19 01:15:32,wx4dwxc,wx4dwx3
160,398603,396316,54928,1,2017-05-19 01:15:34,wx4um8x,wx4umds
161,4451741,204924,448949,1,2017-05-19 01:15:51,wx4fg06,wx4fg1b
162,1714791,530750,193577,2,2017-05-19 01:15:49,wx4dxq4,wx4dxpn
163,4252113,928128,432986,1,2017-05-19 01:15:53,wx4u0mj,wx4u0k5
164,412995,1015141,56650,1,2017-05-19 01:15:54,wx4f9z0,wx4f9x6
165,22660,598431,3648,1,2017-05-19 01:16:03,wx4eq48,wx4eq13
166,366627,1017118,50876,1,2017-05-19 01:16:18,wx4ehtn,wx4ehs6
167,4128726,270412,421588,1,2017-05-19 01:16:39,wx4dzqh,wx4dznr
168,2328198,250806,251550,2,2017-05-19 01:16:59,wx4dpmh,wx4dr4j
169,3422605,529297,353704,1,2017-05-19 01:17:16,wx4gd80,wx4gd7j
170,1504513,672350,173457,2,2017-05-19 01:17:17,wx4f3r9,wx4f3nw
171,3313356,973261,343343,1,2017-05-19 01:17:44,wx4fc2p,wx4f9w8
172,1578321,156537,180424,2,2017-05-19 01:17:45,wx4fbj2,wx4epf4
173,3921104,13274,401794,1,2017-05-19 01:17:53,wx4f85f,wx4f853
174,4480046,1031968,451139,1,2017-05-19 01:17:53,wx4eyg6,wx4eycz
175,460837,493187,62749,1,2017-05-19 01:17:55,wx4eh0b,wx4e5by
176,948282,915531,121752,2,2017-05-19 01:18:12,wx4fg7t,wx4fg7u
177,2483689,501897,266141,2,2017-05-19 01:19:03,wx4fd70,wx4fdhj
178,1936455,244949,214614,2,2017-05-19 01:19:08,wx4gb9p,wx4g9rd
179,1997620,280160,220307,2,2017-05-19 01:19:11,wx4gd60,wx4gd44
180,4504526,994075,453137,1,2017-05-19 01:19:15,wx4epqx,wx4erhr
181,3169918,510157,329793,1,2017-05-19 01:19:23,wx4g5d9,wx4g53d
182,4193075,189460,427004,1,2017-05-19 01:19:21,wx4ffm5,wx4ffjp
183,249728,909368,35793,1,2017-05-19 01:19:31,wx4f9je,wx4f9j9
184,2952718,442547,309374,1,2017-05-19 01:19:30,wx4dy42,wx4dvcy
185,2037298,501635,223992,2,2017-05-19 01:19:33,wx4erq2,wx4erq4
186,3268526,765886,339155,1,2017-05-19 01:19:37,wx4dy64,wx4dy5j
187,364272,356999,50586,1,2017-05-19 01:19:39,wx4g6tt,wx4g6th
188,4303531,723868,437215,1,2017-05-19 01:19:41,wx4fczr,wx4fczw
189,1042932,752396,130655,2,2017-05-19 01:19:56,wx4gjfp,wx4gn3b
190,950806,308096,121997,2,2017-05-19 01:20:02,wx4ghd3,wx4ghbb
191,803973,465779,106164,1,2017-05-19 01:20:07,wx4g3he,wx4g2vt
192,3148578,1017686,327779,1,2017-05-19 01:20:13,wx4g6w7,wx4g6tj
193,4092866,669537,418315,1,2017-05-19 01:20:23,wx4febu,wx4fs06
194,4210576,15841,428541,1,2017-05-19 01:20:27,wx4f6ft,wx4f6f8
195,3642181,155126,374874,1,2017-05-19 01:20:27,wx4g44z,wx4g463
196,2688079,396366,285078,2,2017-05-19 01:20:35,wx4g39k,wx4g3e3
197,2830525,669099,298094,2,2017-05-19 01:20:46,wx4f9jf,wx4f8uh
198,489759,758773,66657,1,2017-05-19 01:20:52,wx4en5t,wx4enh1
199,2042321,566325,224480,2,2017-05-19 01:20:55,wx4f8rw,wx4f8qn
200,2322422,245304,251025,2,2017-05-19 01:21:01,wx4fdh3,wx4fd5g
201,356620,576964,49588,1,2017-05-19 01:21:14,wx4g20k,wx4g24d
202,3952486,270412,404612,1,2017-05-19 01:21:14,wx4dzqj,wx4dzqb
203,131492,843314,18089,2,2017-05-19 01:21:18,wx4duvw,wx4duum
204,1979215,855667,218574,2,2017-05-19 01:21:27,wx4g0xm,wx4g0w8
205,1161573,541779,141553,2,2017-05-19 01:21:36,wx4f8xu,wx4fb8f
206,3440125,217926,355360,1,2017-05-19 01:21:40,wx4g4k6,wx4g4kc
207,3462508,293686,357501,1,2017-05-19 01:22:00,wx4g534,wx4g51z
208,1884700,108537,209749,2,2017-05-19 01:22:02,wx4dzr3,wx4dztw
209,1220761,136999,146969,2,2017-05-19 01:22:06,wx48y9e,wx48yd2
210,3298718,990363,342029,1,2017-05-19 01:22:26,wx4f8h8,wx4dxvt
211,5092730,792390,501450,1,2017-05-19 01:22:30,wx4dp7f,wx4dp79
212,4711279,38831,469792,1,2017-05-19 01:22:32,wx4erqr,wx4ertv
213,1258338,24974,150438,2,2017-05-19 01:22:37,wx4f90e,wx4f90d
214,4547466,101324,456595,1,2017-05-19 01:22:53,wx4g3f4,wx4g3ey
215,1091921,1045529,135160,2,2017-05-19 01:22:53,wx4f9wu,wx4fc81
216,2896794,181129,304114,1,2017-05-19 01:23:13,wx4g5vz,wx4g5vw
217,4131200,588731,421791,1,2017-05-19 01:23:20,wx4g1yh,wx4g1z5
218,3268465,915531,339151,1,2017-05-19 01:23:23,wx4fg7t,wx4fg7u
219,730324,900243,97230,1,2017-05-19 01:23:26,wx4g3q9,wx4g3pj
220,2491969,1010378,266886,2,2017-05-19 01:23:26,wx4f9w5,wx4f9tt
221,4972468,795412,490833,1,2017-05-19 01:24:11,wx4dyk5,wx4dy7e
222,3316463,585260,343618,1,2017-05-19 01:23:36,wx4e5zh,wx4e5z9
223,2668838,926065,283345,2,2017-05-19 01:24:01,wx4gm1q,wx4gm0x
224,3028275,9923,316627,1,2017-05-19 01:24:10,wx4f6qu,wx4f6rc
225,4843448,1031968,480813,1,2017-05-19 01:24:07,wx4eytj,wx4eyts
226,375605,423689,52013,1,2017-05-19 01:24:10,wx4g1w7,wx4g1tp
227,2577024,504122,274779,2,2017-05-19 01:24:13,wx4dx2f,wx4dx1w
228,4361150,321392,441854,1,2017-05-19 01:24:22,wx4dxyt,wx4dxy5
229,3064651,429349,319732,1,2017-05-19 01:24:42,wx4ff6q,wx4ff6n
230,2877855,711963,302373,2,2017-05-19 01:24:30,wx4dw5w,wx4dwhm
231,2336364,904448,252337,2,2017-05-19 01:24:37,wx4dtkd,wx4dtk0
232,2346022,915531,253266,2,2017-05-19 01:24:42,wx4fg7t,wx4fg7u
233,4585006,153141,459451,1,2017-05-19 01:24:51,wx4f8k0,wx4f8ht
234,618827,190590,83591,1,2017-05-19 01:24:42,wx4gjs0,wx4gjky
235,1859335,145085,207381,2,2017-05-19 01:24:49,wx4dzjr,wx4dzue
236,2649630,232236,281533,2,2017-05-19 01:25:15,wx4g8b3,wx4g8ed
237,2293203,258250,248264,2,2017-05-19 01:25:01,wx4u0w9,wx4u0qg
238,1416231,883845,165046,2,2017-05-19 01:25:05,wx4ff71,wx4ff1m
239,3940814,929101,403584,1,2017-05-19 01:25:06,wx4g1nr,wx4g1nu
240,3194224,887093,332102,1,2017-05-19 01:25:11,wx4f9w5,wx4f9tu
241,3147263,626565,327656,1,2017-05-19 01:25:23,wx4fhr4,wx4fhq7
242,3308082,362701,342904,1,2017-05-19 01:25:17,wx4es2k,wx4ekru
243,978078,707500,124536,2,2017-05-19 01:25:37,wx4g5em,wx4g57y
244,4164695,822933,424563,1,2017-05-19 01:26:19,wx4gjcx,wx4gjcm
245,4144888,183670,422920,1,2017-05-19 01:26:29,wx4gj6e,wx4gj1x
246,3614531,817169,372202,1,2017-05-19 01:26:33,wx4g0wf,wx4g0wk
247,1656967,682954,188006,2,2017-05-19 01:26:36,wx4g0r7,wx4g1nq
248,3442913,30332,355635,1,2017-05-19 01:26:56,wx4dz56,wx4dz4x
249,1472631,303843,170482,2,2017-05-19 01:26:58,wx4g4c9,wx4g4dx
250,4397782,861664,444732,1,2017-05-19 01:27:04,wx4ersk,wx4ers6
251,5102887,551410,503044,1,2017-05-19 01:27:21,wx4g1em,wx4g1dd
252,838814,898580,110408,1,2017-05-19 01:27:27,wx4eps5,wx4g042
253,2587012,822933,275730,2,2017-05-19 01:27:29,wx4gjcx,wx4gjcm
254,4259277,758189,433831,1,2017-05-19 01:27:29,wx4g8h9,wx4g85s
255,1864526,1038360,207856,2,2017-05-19 01:27:57,wx4fccu,wx4fccm
256,4569727,674016,458293,1,2017-05-19 01:27:51,wx4fdmk,wx4fdnn
257,1677497,920892,189971,2,2017-05-19 01:27:55,wx4gfvp,wx4ggh3
258,3738181,647925,383978,1,2017-05-19 01:28:05,wx4f8ry,wx4f8x3
259,590694,471284,80008,1,2017-05-19 01:28:13,wx4d5rp,wx4d5q7
260,332547,429814,46138,1,2017-05-19 01:28:22,wx4f9hm,wx4fd4x
261,2843937,822933,299312,2,2017-05-19 01:28:27,wx4gjcx,wx4gjck
262,2281548,232302,247146,2,2017-05-19 01:28:29,wx4gh8q,wx4gh8k
263,955101,288535,122392,2,2017-05-19 01:28:34,wx4f9x3,wx4f9xh
264,4732041,157144,471548,1,2017-05-19 01:29:12,wx4g4m0,wx4g4ke
265,3714211,661613,381745,1,2017-05-19 01:28:50,wx4f6p2,wx4f3yk
266,4844001,887093,480849,1,2017-05-19 01:28:58,wx4f9tu,wx4f9tw
267,2044051,703767,224635,2,2017-05-19 01:29:03,wx4enu1,wx4engq
268,1473084,242268,170524,2,2017-05-19 01:29:19,wx4fcgj,wx4fcgh
269,2177381,355349,237266,2,2017-05-19 01:29:20,wx4fdw9,wx4fdmm
270,2760485,331939,291626,2,2017-05-19 01:29:35,wx4f9wk,wx4f9tu
271,560087,11420,75968,1,2017-05-19 01:29:41,wx4g0hs,wx4g0hk
272,1948100,910748,215677,2,2017-05-19 01:29:40,wx4drmk,wx4drks
273,3764098,822933,386489,1,2017-05-19 01:29:43,wx4gjcx,wx4gjcm
274,3210594,544526,333640,1,2017-05-19 01:29:48,wx4g0zh,wx4g0z4
275,1161534,364374,141548,2,2017-05-19 01:29:48,wx4g1vb,wx4g1xn
276,5130153,355025,505376,1,2017-05-19 01:30:06,wx4g1gr,wx4g4f7
277,2269480,179404,246018,2,2017-05-19 01:30:09,wx4fbw9,wx4fbve
278,5024293,678426,494660,1,2017-05-19 01:30:19,wx4er1h,wx4er10
279,1111661,446857,136970,2,2017-05-19 01:30:40,wx4eqbg,wx4eqbn
280,2519471,191454,269396,2,2017-05-19 01:30:49,wx4g7me,wx4g7md
281,3122714,995205,325341,1,2017-05-19 01:31:00,wx4dx32,wx4drrq
282,5159002,558028,508437,1,2017-05-19 01:31:03,wx4g43w,wx4g43n
283,486705,499986,66208,1,2017-05-19 01:31:14,wx4curs,wx4curf
284,3446631,463679,355961,1,2017-05-19 01:31:12,wx4dhms,wx4dhqe
285,3429057,356774,354308,1,2017-05-19 01:31:31,wx4eq0b,wx4emfm
286,3203116,754132,332928,1,2017-05-19 01:32:13,wx4enef,wx4endq
287,4291142,455271,436242,1,2017-05-19 01:32:13,wx4fcnz,wx4g143
288,3543076,636732,365310,1,2017-05-19 01:32:16,wx4f982,wx4f3wf
289,322098,10170,44683,1,2017-05-19 01:32:44,wx4ff4k,wx4ff98
290,1304596,925377,154652,2,2017-05-19 01:32:42,wx4fdnn,wx4ff4h
291,1924165,181566,213459,2,2017-05-19 01:32:50,wx4g39t,wx4g39k
292,10654,348660,1704,1,2017-05-19 01:32:51,wx4epkz,wx4epef
293,2992240,541700,313210,1,2017-05-19 01:33:12,wx4fhpp,wx4fhnq
294,1408545,42860,164311,2,2017-05-19 01:33:16,wx4fepe,wx4fep6
295,3124783,836032,325535,1,2017-05-19 01:33:20,wx4u8d1,wx4u86q
296,4118004,178375,420655,1,2017-05-19 01:33:18,wx4f8qx,wx4fb2e
297,410028,201896,56232,1,2017-05-19 01:33:30,wx4engg,wx4engf
298,2738141,635321,289605,2,2017-05-19 01:33:35,wx4dtrf,wx4dv1t
299,3900800,832583,399900,1,2017-05-19 01:33:52,wx4f8qw,wx4fb2e
300,1706378,709713,192768,2,2017-05-19 01:33:56,wx4f10g,wx4f12m
301,3119358,528406,325017,1,2017-05-19 01:34:14,wx4ffxt,wx4ffx6
302,868489,710576,114106,1,2017-05-19 01:34:23,wx4dryz,wx4f2jy
303,4174004,348806,425319,1,2017-05-19 01:34:23,wx4dyu3,wx4dydz
304,2306008,336117,249494,2,2017-05-19 01:34:34,wx4feqz,wx4feqv
305,2609113,232945,277804,2,2017-05-19 01:34:35,wx4g44d,wx4g449
306,762847,68737,101064,1,2017-05-19 01:34:40,wx4gewk,wx4gewd
307,1502267,499954,173239,2,2017-05-19 01:34:45,wx4e5b8,wx4dgzc
308,1344049,39802,158261,2,2017-05-19 01:34:57,wx4fdjx,wx4fd7g
309,4847342,764741,481096,1,2017-05-19 01:35:07,wx4ejtw,wx4ejtj
310,2270328,398794,246095,2,2017-05-19 01:35:11,wx4ex27,wx4err2
311,1898975,441851,211097,2,2017-05-19 01:35:13,wx4g6w8,wx4g6qe
312,2087560,252811,228715,2,2017-05-19 01:35:58,wx4dytw,wx4dys7
313,4142635,750055,422735,1,2017-05-19 01:35:24,wx4fbt8,wx4fbtj
314,2279362,172160,246935,2,2017-05-19 01:35:32,wx4eju7,wx4ejv3
315,1275960,915435,152025,2,2017-05-19 01:35:33,wx4dw9u,wx4dw9g
316,4379818,945152,443327,1,2017-05-19 01:35:34,wx4g2np,wx4g2hu
317,4811318,42457,478385,1,2017-05-19 01:35:36,wx4erfn,wx4erfs
318,3205090,410703,333111,1,2017-05-19 01:35:47,wx4e5m0,wx4e5js
319,3468223,10998,358063,1,2017-05-19 01:36:29,wx4fhht,wx4fhh3
320,4535788,655554,455703,1,2017-05-19 01:36:31,wx4dsym,wx4dswx
321,46858,754962,7619,1,2017-05-19 01:36:32,wx4f8xx,wx4f8xn
322,612304,303707,82782,1,2017-05-19 01:36:33,wx4g1sz,wx4g1t4
323,2762620,981407,291831,2,2017-05-19 01:36:35,wx4f9x2,wx4f9wn
324,4220884,806457,429517,1,2017-05-19 01:36:38,wx4f8mt,wx4f8t1
325,633055,314613,85458,1,2017-05-19 01:36:47,wx4g2fy,wx4g2gs
326,721502,58248,96160,1,2017-05-19 01:37:01,wx4fbt6,wx4fbkh
327,4069142,495014,416097,1,2017-05-19 01:36:57,wx4fg2h,wx4fg0z
328,4894426,306640,484869,1,2017-05-19 01:36:57,wx4fcgf,wx4fcxh
329,2702583,599693,286409,2,2017-05-19 01:37:05,wx4drr4,wx4drnw
330,4745419,382242,472709,1,2017-05-19 01:37:07,wx4f8mt,wx4f8re
331,1959724,627833,216766,2,2017-05-19 01:37:14,wx4ernq,wx4ermw
332,2437503,42726,261838,2,2017-05-19 01:37:16,wx4eqc6,wx4eqc3
333,2503763,766695,267976,2,2017-05-19 01:37:17,wx4dx64,wx4dx3t
334,2825915,525624,297697,2,2017-05-19 01:37:31,wx4gp1w,wx4gp8f
335,110042,643477,16117,2,2017-05-19 01:37:50,wx4g04u,wx4g012
336,1442409,283845,167570,2,2017-05-19 01:37:49,wx4g12t,wx4g126
337,2946519,735271,308772,1,2017-05-19 01:37:58,wx4fg9p,wx4fg9w
338,557962,909020,75674,1,2017-05-19 01:37:58,wx4f9wu,wx4f9w2
339,544566,517552,73865,1,2017-05-19 01:38:04,wx4eyz1,wx4eyty
340,374402,325195,51854,1,2017-05-19 01:37:59,wx4g5kz,wx4g5q1
341,994183,298768,126039,2,2017-05-19 01:38:09,wx4fv0u,wx4fv40
342,3568047,472168,367709,1,2017-05-19 01:38:17,wx4ex05,wx4erq8
343,376456,822933,52132,1,2017-05-19 01:38:20,wx4gjcx,wx4gjcm
344,5040386,160564,495997,1,2017-05-19 01:38:39,wx4g4mw,wx4g4s1
345,3006161,724422,314539,1,2017-05-19 01:38:39,wx4dzkv,wx4dzq0
346,2147936,30963,234444,2,2017-05-19 01:38:36,wx4ejkh,wx4ejm7
347,379317,934973,52539,1,2017-05-19 01:38:49,wx4ffd1,wx4ff3p
348,1810197,59982,202731,2,2017-05-19 01:38:54,wx4fgnq,wx4fgpk
349,4141832,710952,422675,1,2017-05-19 01:38:53,wx4febq,wx4fecg
350,154160,363299,21063,1,2017-05-19 01:39:05,wx4gh60,wx4gh3q
351,5005059,925662,493225,1,2017-05-19 01:39:29,wx4ffg8,wx4ffer
352,2575000,902310,274588,2,2017-05-19 01:39:30,wx4g1n8,wx4g0yn
353,1933695,520500,214339,2,2017-05-19 01:39:34,wx4drkw,wx4drnz
354,4683310,233547,467515,1,2017-05-19 01:39:34,wx4g742,wx4g6u9
355,2141603,584164,233837,2,2017-05-19 01:40:10,wx4f8vs,wx4f8vj
356,1120458,211174,137776,2,2017-05-19 01:39:41,wx4gd1v,wx4gd1x
357,2926997,977710,306914,1,2017-05-19 01:39:41,wx4eh1q,wx4eh1g
358,234949,1056551,34121,1,2017-05-19 01:39:47,wx4g0z5,wx4g28r
359,968071,716823,123617,2,2017-05-19 01:39:53,wx4dx28,wx4drpv
360,1273207,507218,151779,2,2017-05-19 01:39:55,wx4f6vv,wx4f6vh
361,3365689,272773,348313,1,2017-05-19 01:39:57,wx4eyfc,wx4eyts
362,830581,438368,109376,1,2017-05-19 01:40:04,wx4g2rk,wx4g2qs
363,327155,927274,45370,1,2017-05-19 01:40:10,wx4ghc3,wx4ghdn
364,115323,822933,16599,2,2017-05-19 01:40:12,wx4gjcm,wx4gjcs
365,2440919,377801,262160,2,2017-05-19 01:40:19,wx4fdmy,wx4fdrf
366,739443,630815,98235,1,2017-05-19 01:40:17,wx4gh32,wx4gh3p
367,3068035,741883,320034,1,2017-05-19 01:40:15,wx4fb2y,wx4f8xh
368,4857735,384946,481873,1,2017-05-19 01:40:20,wx4exe1,wx4g843
369,3178060,751523,330565,1,2017-05-19 01:40:27,wx4fgbx,wx4fgbj
370,2443004,454138,262353,2,2017-05-19 01:40:50,wx4gh4j,wx4gh3t
371,4092867,669537,418315,1,2017-05-19 01:40:45,wx4fs09,wx4febu
372,2587155,785890,275740,2,2017-05-19 01:40:54,wx4g1v1,wx4g5hk
373,4728902,1031407,471276,1,2017-05-19 01:41:03,wx4enue,wx4env1
374,3066556,602166,319895,1,2017-05-19 01:41:09,wx4exxm,wx4exw6
375,1983097,393312,218937,2,2017-05-19 01:41:19,wx4dy4w,wx4dy41
376,3850165,537786,394937,1,2017-05-19 01:41:33,wx4g4h7,wx4g1gy
377,2690370,331940,285286,2,2017-05-19 01:41:43,wx4fyzk,wx4fyyx
378,3928226,589270,402464,1,2017-05-19 01:41:55,wx4g0z5,wx4g28x
379,3764210,994370,386505,1,2017-05-19 01:42:15,wx4fhx5,wx4fhrm
380,165681,12554,22991,1,2017-05-19 01:42:11,wx4snch,wx4snbv
381,1061205,369488,132342,2,2017-05-19 01:42:41,wx4sv61,wx4sv0t
382,1619423,33456,184393,2,2017-05-19 01:42:44,wx4em7b,wx4emjv
383,690051,368932,92476,1,2017-05-19 01:42:48,wx4en6e,wx4en70
384,565971,1058657,76746,1,2017-05-19 01:43:17,wx4eq4v,wx4eq4d
385,1235255,925662,148288,2,2017-05-19 01:43:23,wx4ffex,wx4ffer
386,2406485,773447,258947,2,2017-05-19 01:43:27,wx4duz7,wx4duvv
387,2650136,791663,281578,2,2017-05-19 01:44:09,wx4f2v4,wx4f2xy
388,565567,9923,76698,1,2017-05-19 01:44:26,wx4fd20,wx4fd0r
389,2375985,449257,256094,2,2017-05-19 01:44:32,wx4dhw2,wx4dhku
390,3226366,994266,335197,1,2017-05-19 01:44:36,wx4f9g2,wx4f9em
391,1830165,802253,204612,2,2017-05-19 01:44:42,wx4f9ws,wx4f9w0
392,2651467,148539,281719,2,2017-05-19 01:44:42,wx4g4du,wx4g4se
393,1138361,574010,139419,2,2017-05-19 01:44:44,wx4g5n0,wx4g5mf
394,4436774,801743,447788,1,2017-05-19 01:44:47,wx4g5n1,wx4g5jh
395,4340725,34019,440272,1,2017-05-19 01:45:07,wx4ffq4,wx4ffsd
396,713158,416874,95224,1,2017-05-19 01:45:13,wx4dym7,wx4dy7g
397,3804411,917056,390528,1,2017-05-19 01:45:18,wx4ff1x,wx4ff92
398,291340,219007,40664,1,2017-05-19 01:45:24,wx4envm,wx4enyk
399,2430081,648067,261126,2,2017-05-19 01:45:37,wx4dyc4,wx4dyb9
400,1841052,1011159,205655,2,2017-05-19 01:45:41,wx4g4mn,wx4g4sb
401,3904161,619339,400206,1,2017-05-19 01:45:47,wx4e46c,wx4e41j
402,3193147,822933,331989,1,2017-05-19 01:46:03,wx4gjct,wx4gjcs
403,4262874,994398,434117,1,2017-05-19 01:46:24,wx4g4vv,wx4g4vj
404,4341060,791098,440298,1,2017-05-19 01:46:28,wx4eryu,wx4erz1
405,113610,606883,16448,2,2017-05-19 01:46:31,wx4dz5m,wx4dyfz
406,414011,724036,56811,1,2017-05-19 01:46:30,wx4ffh0,wx4ff4e
407,3964497,395938,405827,1,2017-05-19 01:46:35,wx4fc07,wx4f9p8
408,497247,945027,67697,1,2017-05-19 01:47:01,wx4g5jh,wx4g5hv
409,1597113,945848,182222,2,2017-05-19 01:47:05,wx4g2q3,wx4g2qp
410,1921503,149214,213192,2,2017-05-19 01:47:09,wx4g1tx,wx4g1sr
411,5005060,925662,493225,1,2017-05-19 01:47:39,wx4ffg2,wx4ffer
412,2080155,977708,228015,2,2017-05-19 01:47:28,wx4drw0,wx4drrk
413,705086,237526,94304,1,2017-05-19 01:47:30,wx4fftb,wx4ffkm
414,1587511,625963,181304,2,2017-05-19 01:47:39,wx4e5vx,wx4e5v7
415,3211317,383562,333715,1,2017-05-19 01:47:41,wx4fc89,wx4fc8h
416,3550069,625078,366001,1,2017-05-19 01:47:40,wx4g0ux,wx4g15p
417,3107226,84781,323771,1,2017-05-19 01:47:42,wx4g14b,wx4g0g9
418,4031390,370845,412420,1,2017-05-19 01:47:47,wx4g2u8,wx4g3eq
419,2636557,398874,280315,2,2017-05-19 01:47:46,wx4f8wz,wx4f8wf
420,4194343,362162,427110,1,2017-05-19 01:47:46,wx4fg2q,wx4ferh
421,1557441,990746,178441,2,2017-05-19 01:47:46,wx4epd5,wx4epmw
422,3834339,782677,393376,1,2017-05-19 01:47:52,wx4eqd3,wx4eq94
423,713563,59982,95266,1,2017-05-19 01:48:08,wx4fgpk,wx4fgp7
424,2915955,575695,305893,1,2017-05-19 01:48:29,wx4fh31,wx4fh2m
425,645121,470519,87085,1,2017-05-19 01:48:22,wx4err4,wx4erq5
426,4893730,621861,484820,1,2017-05-19 01:48:43,wx4f8qd,wx4f8qj
427,4164833,966202,424576,1,2017-05-19 01:49:03,wx4ewbc,wx4ew85
428,888587,127781,116176,2,2017-05-19 01:49:04,wx4eptx,wx4epv7
429,4339825,889755,440205,1,2017-05-19 01:49:20,wx4u019,wx4spbs
430,4722122,273952,470710,1,2017-05-19 01:49:21,wx4exhh,wx4ex54
431,5209373,11108,515652,1,2017-05-19 01:49:26,wx4eje9,wx4ejg0
432,533042,1014149,72316,1,2017-05-19 01:49:33,wx4sqje,wx4sqkw
433,2330213,775281,251748,2,2017-05-19 01:49:37,wx4f9q9,wx4f9jq
434,2243153,1028219,243538,2,2017-05-19 01:49:41,wx4g2hc,wx4g2h8
435,2774263,1058657,292900,2,2017-05-19 01:49:41,wx4eq4f,wx4emfx
436,3096326,85597,322710,1,2017-05-19 01:49:42,wx4fepq,wx4feq0
437,3256037,807927,338003,1,2017-05-19 01:49:41,wx4g20c,wx4erbk
438,969174,367784,123721,2,2017-05-19 01:49:45,wx4eh2c,wx4duru
439,1392878,539163,162767,2,2017-05-19 01:49:57,wx4fdrq,wx4fdr7
440,3218961,569963,334457,1,2017-05-19 01:50:13,wx4sjbz,wx4sjbk
441,3912494,840310,400995,1,2017-05-19 01:50:15,wx4u09n,wx4u10g
442,934784,63136,120478,2,2017-05-19 01:50:17,wx4fb16,wx4fb56
443,4520899,1003141,454503,1,2017-05-19 01:50:20,wx4fh31,wx4fh24
444,1163073,930503,141685,2,2017-05-19 01:50:24,wx4f8rq,wx4f8rs
445,1210695,387194,146072,2,2017-05-19 01:50:30,wx4gn6b,wx4gn5m
446,2246492,59982,243858,2,2017-05-19 01:50:29,wx4fgp7,wx4fgp3
447,4939159,225452,488329,1,2017-05-19 01:50:41,wx4ex9v,wx4excx
448,102189,195674,15394,2,2017-05-19 01:50:44,wx4g1ub,wx4g1ek
449,1948623,654041,215727,2,2017-05-19 01:50:54,wx4g8f9,wx4g8f7
450,2940118,917513,308138,1,2017-05-19 01:51:00,wx4g4bq,wx4g4bk
451,760137,475646,100737,1,2017-05-19 01:51:08,wx4ff9t,wx4ff8y
452,2490435,989191,266746,2,2017-05-19 01:51:22,wx4ew6r,wx4ew3r
453,651032,720700,87774,1,2017-05-19 01:51:22,wx4f9rr,wx4f9w0
454,25856,9923,4182,1,2017-05-19 01:51:24,wx4fd0t,wx4f6rj
455,1899003,700378,211099,2,2017-05-19 01:51:46,wx4ert2,wx4erm6
456,1454015,789830,168682,2,2017-05-19 01:51:44,wx4dyu5,wx4dz4u
457,911444,336117,118328,2,2017-05-19 01:51:46,wx4ferh,wx4feqt
458,3472718,807219,358499,1,2017-05-19 01:51:55,wx4fhq8,wx4fhq7
459,2410659,1008868,259345,2,2017-05-19 01:52:08,wx4ewb6,wx4eqxt
460,2801637,510344,295477,2,2017-05-19 01:52:11,wx4g8c1,wx4g901
461,4599940,782767,460631,1,2017-05-19 01:52:57,wx4ff79,wx4ff5s
462,1984031,569963,219031,2,2017-05-19 01:52:22,wx4sjbz,wx4sjbk
463,4128839,786554,421595,1,2017-05-19 01:52:33,wx4fb8d,wx4fb3j
464,398421,634136,54905,1,2017-05-19 01:53:02,wx4er6y,wx4er6e
465,481660,624775,65530,1,2017-05-19 01:53:08,wx4dt78,wx4dv04
466,938035,869634,120780,2,2017-05-19 01:53:09,wx4dzyh,wx4dzvs
467,1655601,31965,187880,2,2017-05-19 01:53:10,wx4dpk7,wx4dp5u
468,2124552,575079,232225,2,2017-05-19 01:53:20,wx4fzhv,wx4fz55
469,2473793,941402,265226,2,2017-05-19 01:54:07,wx4e5mn,wx4e5ku
470,1703789,766695,192514,2,2017-05-19 01:54:37,wx4dx31,wx4drrf
471,1178956,416127,143150,2,2017-05-19 01:54:39,wx4fhmu,wx4fhm4
472,2171490,385091,236714,2,2017-05-19 01:54:42,wx4g0td,wx4g281
473,1079576,756126,134026,2,2017-05-19 01:54:51,wx4f5p7,wx4f5p1
474,874772,528906,114913,2,2017-05-19 01:54:57,wx4f8hw,wx4f85f
475,4891254,132123,484617,1,2017-05-19 01:55:36,wx4fcp7,wx4fcjf
476,4999142,382566,492815,1,2017-05-19 01:55:48,wx4fbry,wx4g02k
477,2615746,933316,278424,2,2017-05-19 01:55:54,wx4f3hn,wx4f3h3
478,1702026,517650,192353,2,2017-05-19 01:55:56,wx4fgsw,wx4fgsu
479,3286023,636767,340794,1,2017-05-19 01:55:58,wx4fgn8,wx4ffz7
480,2529149,496993,270314,2,2017-05-19 01:56:14,wx4er1p,wx4er1h
481,3776629,675032,387708,1,2017-05-19 01:56:34,wx4ejet,wx4ejfc
482,3825303,348149,392512,1,2017-05-19 01:56:36,wx4g6q1,wx4gd1j
483,2209108,1058607,240325,2,2017-05-19 01:56:40,wx4dw20,wx4dw19
484,5151271,1030133,507619,1,2017-05-19 01:56:46,wx4g4hf,wx4g4eu
485,2502315,175879,267836,2,2017-05-19 01:56:49,wx4fb85,wx4fb84
486,3929656,83742,402600,1,2017-05-19 01:56:58,wx4fbtm,wx4fbts
487,1674085,220358,189632,2,2017-05-19 01:57:05,wx4g4j3,wx4g3cr
488,3398890,481945,351434,1,2017-05-19 01:57:08,wx4g5n4,wx4g5jw
489,4624398,430614,462669,1,2017-05-19 01:57:07,wx4fcjq,wx4fcmp
490,2339353,606886,252628,2,2017-05-19 01:57:15,wx4eq50,wx4eq45
491,885846,632031,115923,2,2017-05-19 01:57:26,wx4er60,wx4er2c
492,4620045,433119,462306,1,2017-05-19 01:57:35,wx4fbbb,wx4fb8s
493,2753116,756647,290938,2,2017-05-19 01:58:14,wx4g4vj,wx4g4ey
494,1077303,468846,133812,2,2017-05-19 01:58:04,wx4dtge,wx4dtg5
495,5023152,799097,494552,1,2017-05-19 01:58:08,wx4dux4,wx4dumx
496,2301027,628189,249013,2,2017-05-19 01:58:25,wx4sjyn,wx4smb0
497,1500015,580473,173030,2,2017-05-19 01:58:28,wx4fjtb,wx4fjku
498,4144463,408819,422882,1,2017-05-19 01:58:28,wx4fznf,wx4fzjc
499,1547168,564854,177476,2,2017-05-19 01:58:51,wx4dq62,wx4dq4s
500,3299343,822933,342084,1,2017-05-19 01:58:52,wx4gjct,wx4gjcs
501,420347,21927,57766,1,2017-05-19 01:59:23,wx4fh31,wx4fh2k
502,3121662,709190,325239,1,2017-05-19 01:59:43,wx4ft5f,wx4fsgv
503,1245759,460475,149258,2,2017-05-19 01:59:57,wx4g465,wx4g43n
